sensor_id	reading_c	humidity	battery	online	ts
sns-00	24.579	89.4	19	True	2024-06-12 17:46:30
sns-06	25.002	36.8	13	True	2024-06-23 10:30:02
sns-10	21.473	62.0	47	True	2024-06-04 15:12:33
sns-00	10.795	81.8	23	True	2024-06-03 08:45:28
sns-06	25.889	81.8	58	True	2024-06-15 18:25:37
sns-07	16.945	64.8	32	True	2024-06-11 01:04:01
sns-09	20.082	46.5	94	True	2024-06-21 04:15:42
sns-02	23.252	45.7	7	True	2024-06-10 02:18:07
sns-00	20.037	43.7	80	True	2024-06-15 10:37:56
sns-02	18.163	43.2	48	True	2024-06-16 14:33:37
sns-09	19.954	65.9	97	True	2024-06-03 07:49:57
sns-07	27.733	78.8	27	True	2024-06-07 14:45:54
sns-06	24.054	89.7	67	True	2024-06-17 01:14:39
sns-05	22.187	35.3	20	True	2024-06-07 09:42:58
sns-05	22.384	34.0	50	True	2024-06-25 21:36:02
sns-06	22.72	60.5	21	True	2024-06-17 02:38:55
sns-00	18.756	43.4	90	True	2024-06-08 11:45:14
sns-06	24.912	72.9	97	True	2024-06-05 12:58:16
sns-10	24.311	49.3	88	True	2024-06-30 23:39:12
sns-03	16.095	57.2	53	True	2024-06-11 19:54:30
sns-07	16.429	30.1	79	False	2024-06-24 20:56:50
sns-00	27.337	89.2	75	True	2024-06-08 05:33:51
sns-11	21.973	70.9	11	True	2024-06-13 06:28:00
sns-00	22.179	44.8	81	False	2024-06-26 09:48:43
sns-03	16.374	49.1	69	True	2024-06-06 18:11:27
sns-06	25.978	69.7	61	True	2024-06-04 04:58:46
sns-11	24.61	83.1	87	True	2024-06-05 20:36:38
sns-07	14.738	80.4	60	True	2024-06-06 00:34:18
sns-09	25.847	68.6	56	True	2024-06-28 04:24:35
sns-09	17.324	74.3	45	True	2024-06-04 16:06:08
sns-06	21.883	84.1	11	True	2024-06-19 14:05:28
sns-04	17.581	37.9	95	True	2024-06-08 22:47:58
sns-11	19.722	88.8	66	True	2024-06-24 20:27:35
sns-02	18.543	72.3	2	True	2024-06-25 14:20:18
sns-00	19.294	40.1	37	True	2024-06-15 19:28:05
sns-05	22.095	67.2	83	True	2024-06-11 04:38:02
sns-11	26.585	58.5	1	True	2024-06-02 23:04:51
sns-05	18.852	64.8	87	True	2024-06-21 16:21:40
sns-10	21.244	65.6	60	True	2024-06-08 12:37:47
sns-10	19.653	49.6	77	True	2024-06-07 16:03:55
sns-10	29.263	34.0	5	True	2024-06-30 16:57:10
sns-01	24.261	64.8	61	True	2024-06-02 14:19:20
sns-08	21.235	44.6	96	True	2024-06-27 07:52:52
sns-05	16.964	36.2	75	True	2024-06-14 14:44:25
sns-00	23.335	42.0	61	True	2024-06-09 06:38:14
sns-09	15.731	53.2	52	True	2024-06-18 00:08:01
sns-04	20.223	58.3	53	True	2024-06-08 03:41:35
sns-04	21.302	87.5	30	True	2024-06-16 05:45:36
sns-04	16.54	30.4	52	True	2024-06-12 12:40:12
sns-00	20.236	80.4	55	True	2024-06-20 02:19:57
sns-08	20.601	81.6	3	True	2024-06-26 22:17:16
sns-04	15.445	87.9	65	True	2024-06-21 01:00:42
sns-01	28.956	76.9	81	True	2024-06-26 07:23:13
sns-11	15.118	42.2	55	False	2024-06-18 03:50:44
sns-07	22.879	75.4	42	True	2024-06-27 07:43:16
sns-02	21.728	67.5	12	True	2024-06-20 18:12:33
sns-01	24.726	62.7	30	True	2024-06-18 14:28:37
sns-08	17.209	54.4	42	True	2024-06-09 13:55:51
sns-03	19.894	74.1	94	True	2024-06-15 02:27:30
sns-09	24.352	60.4	73	True	2024-06-05 16:08:13
sns-03	26.679	41.9	67	True	2024-06-18 19:10:51
sns-03	24.355	44.1	14	True	2024-06-07 05:00:54
sns-07	27.042	76.3	68	True	2024-06-12 08:45:11
sns-00	24.255	64.1	6	True	2024-06-22 18:30:11
sns-03	24.623	61.7	0	True	2024-06-07 14:22:15
sns-08	18.628	77.3	52	True	2024-06-25 10:07:20
sns-05	8.194	72.6	51	True	2024-06-08 21:51:06
sns-06	22.247	32.5	35	True	2024-06-07 07:14:30
sns-01	16.731	65.8	29	True	2024-06-12 12:56:09
sns-04	22.627	56.7	50	True	2024-06-09 19:52:56
sns-06	18.946	43.1	51	True	2024-06-18 04:59:55
sns-10	18.521	88.3	59	True	2024-06-26 01:13:42
sns-01	18.458	71.9	43	False	2024-06-20 10:59:49
sns-01	18.076	40.3	61	True	2024-06-03 21:29:48
sns-06	26.56	45.2	68	True	2024-06-11 03:57:00
sns-04	23.492	66.2	35	True	2024-06-05 01:17:55
sns-03	25.993	68.9	20	True	2024-06-30 17:36:35
sns-04	27.893	34.9	78	True	2024-06-19 01:13:06
sns-11	15.135	46.4	82	True	2024-06-07 10:07:35
sns-02	22.912	55.6	19	True	2024-06-27 14:54:40
sns-09	22.165	89.6	11	True	2024-06-28 05:18:09
sns-06	20.817	61.0	37	False	2024-06-09 07:41:06
sns-10	16.128	30.9	58	True	2024-06-02 15:32:13
sns-05	24.338	63.1	37	True	2024-06-10 17:46:56
sns-05	21.509	84.9	31	True	2024-06-02 00:35:40
sns-06	22.802	82.4	46	True	2024-06-30 11:36:19
sns-05	19.602	89.5	34	False	2024-06-18 08:03:25
sns-00	26.259	64.8	55	True	2024-06-18 11:44:10
sns-09	22.328	77.1	26	True	2024-06-29 01:38:17
sns-04	23.907	41.0	39	True	2024-06-08 12:39:15
sns-09	14.591	81.6	10	True	2024-06-19 15:56:00
sns-03	24.995	69.5	94	True	2024-06-19 07:04:00
sns-04	17.149	76.1	10	True	2024-06-22 03:45:17
sns-07	21.018	33.7	83	True	2024-06-12 11:56:09
sns-08	21.293	54.9	74	True	2024-06-13 10:09:22
sns-04	22.045	39.6	8	True	2024-06-04 05:35:12
sns-10	18.499	76.3	83	False	2024-06-12 11:22:03
sns-10	24.892	63.3	14	True	2024-06-07 02:13:17
sns-03	20.266	86.4	12	True	2024-06-13 09:29:16
sns-05	23.503	52.1	56	True	2024-06-25 06:28:49
sns-01	21.09	73.0	36	True	2024-06-01 09:03:45
sns-05	25.572	51.0	36	True	2024-06-02 02:21:01
sns-05	21.13	73.6	62	True	2024-06-14 20:35:39
sns-00	28.7	83.3	13	True	2024-06-27 05:54:28
sns-01	22.217	34.8	79	True	2024-06-08 06:04:14
sns-06	17.947	45.2	87	False	2024-06-15 14:31:43
sns-10	15.789	32.0	92	True	2024-06-30 14:57:04
sns-08	22.414	73.9	29	True	2024-06-10 06:34:40
sns-08	25.6	86.7	2	True	2024-06-13 22:39:49
sns-05	22.42	73.7	82	True	2024-06-28 02:10:58
sns-08	23.142	53.9	15	True	2024-06-15 02:45:04
sns-02	21.869	82.7	73	True	2024-06-28 09:17:39
sns-10	23.075	78.6	100	True	2024-06-06 15:26:10
sns-06	22.629	54.0	78	True	2024-06-05 03:51:27
sns-09	21.633	43.6	0	True	2024-06-17 16:20:57
sns-03	24.498	43.6	79	True	2024-06-26 22:21:51
sns-00	19.359	88.7	76	True	2024-06-17 05:47:47
sns-03	23.333	58.5	76	True	2024-06-07 20:43:27
sns-01	23.045	35.9	78	True	2024-06-05 16:59:08
sns-01	25.227	81.7	11	True	2024-06-03 20:39:09
sns-08	27.892	38.3	44	True	2024-06-29 19:12:40
sns-10	20.087	58.4	12	True	2024-06-06 08:18:22
sns-06	23.408	74.8	78	True	2024-06-10 21:30:23
sns-04	24.53	56.5	68	True	2024-06-20 14:23:39
sns-06	20.918	45.0	82	True	2024-06-05 03:44:28
sns-05	19.662	65.1	25	True	2024-06-05 09:41:03
sns-02	17.32	53.5	70	True	2024-06-09 21:34:07
sns-06	25.172	43.6	47	True	2024-06-18 13:25:42
sns-08	23.715	35.3	70	True	2024-06-26 02:03:18
sns-06	16.948	69.0	26	True	2024-06-08 20:35:29
sns-02	24.94	61.1	4	True	2024-06-22 10:40:31
sns-00	21.347	34.9	91	True	2024-06-23 00:36:55
sns-00	24.322	78.5	95	True	2024-06-16 18:59:13
sns-07	19.815	88.1	86	True	2024-06-14 07:52:39
sns-08	29.619	30.5	62	True	2024-06-20 05:40:31
sns-08	27.506	50.1	91	True	2024-06-12 09:10:46
sns-06	30.213	83.5	69	False	2024-06-30 17:38:17
sns-00	32.093	37.0	57	True	2024-06-13 02:45:53
sns-05	19.808	44.1	28	True	2024-06-16 02:34:29
sns-11	23.525	52.7	31	True	2024-06-25 22:22:56
sns-06	19.031	54.2	60	True	2024-06-23 22:05:25
sns-11	11.659	64.9	72	True	2024-06-01 19:31:12
sns-01	34.156	72.5	89	True	2024-06-06 09:30:30
sns-06	21.613	88.8	35	True	2024-06-01 00:56:54
sns-03	22.73	53.5	54	True	2024-06-19 14:20:52
sns-11	21.752	56.7	22	True	2024-06-20 16:11:42
sns-03	16.792	51.2	97	True	2024-06-07 08:47:00
sns-03	27.223	81.1	89	True	2024-06-05 17:55:05
sns-05	22.389	79.6	60	True	2024-06-25 10:47:04
sns-03	22.615	54.1	72	True	2024-06-06 22:19:09
sns-01	24.222	32.9	82	True	2024-06-13 01:48:37
sns-09	31.271	70.0	36	True	2024-06-17 15:09:06
sns-08	23.547	64.9	82	True	2024-06-18 21:34:30
sns-01	19.926	73.2	95	True	2024-06-10 20:09:31
sns-00	19.181	63.9	46	True	2024-06-28 19:59:29
sns-10	25.724	53.9	44	True	2024-06-15 14:04:08
sns-06	19.657	42.1	96	True	2024-06-24 11:04:18
sns-06	23.327	38.8	34	True	2024-06-17 05:40:15
sns-06	20.54	56.2	89	True	2024-06-29 17:28:37
sns-11	19.343	41.6	11	True	2024-06-11 03:51:47
sns-10	16.538	74.0	47	True	2024-06-04 12:52:15
sns-07	26.042	42.0	76	True	2024-06-13 20:49:36
sns-00	19.229	40.0	21	True	2024-06-22 03:04:59
sns-01	20.25	67.1	0	True	2024-06-22 22:17:27
sns-08	23.687	55.0	18	True	2024-06-06 21:09:58
sns-08	27.277	84.9	95	True	2024-06-22 11:21:22
sns-05	19.863	53.0	74	True	2024-06-11 14:51:17
sns-03	22.081	34.1	66	True	2024-06-22 22:01:09
sns-08	26.262	61.4	54	True	2024-06-06 23:37:28
sns-09	24.25	33.9	87	True	2024-06-24 13:11:04
sns-00	22.389	71.8	49	True	2024-06-18 20:53:58
sns-08	18.103	72.4	18	True	2024-06-01 04:40:42
sns-11	13.374	60.1	84	True	2024-06-09 14:34:56
sns-07	29.931	55.9	22	False	2024-06-30 04:30:00
sns-01	28.39	58.0	21	False	2024-06-13 02:13:04
sns-09	21.699	47.0	53	False	2024-06-04 14:58:26
sns-10	25.606	37.0	75	True	2024-06-17 03:38:43
sns-04	14.2	54.4	54	True	2024-06-01 06:54:39
sns-02	23.805	39.9	24	True	2024-06-25 03:43:40
sns-03	22.639	85.5	18	True	2024-06-06 04:52:28
sns-10	23.398	84.1	71	False	2024-06-12 03:20:59
sns-04	20.514	39.2	49	True	2024-06-11 22:08:41
sns-06	14.098	78.7	30	True	2024-06-05 06:03:36
sns-08	22.828	71.5	80	True	2024-06-18 15:19:51
sns-08	26.118	37.3	81	True	2024-06-15 06:17:22
sns-08	17.206	72.3	42	True	2024-06-14 17:42:51
sns-00	21.407	68.0	8	True	2024-06-04 03:14:51
sns-07	19.797	56.6	16	True	2024-06-28 02:52:24
sns-09	30.218	32.0	68	True	2024-06-25 13:03:57
sns-07	22.579	62.8	15	False	2024-06-05 19:11:24
sns-02	19.885	71.9	63	True	2024-06-17 21:10:08
sns-07	23.695	46.8	94	False	2024-06-13 01:07:39
sns-09	24.242	79.8	38	True	2024-06-29 04:22:48
sns-10	18.409	51.8	8	True	2024-06-03 23:29:27
sns-03	25.447	68.6	38	True	2024-06-17 13:16:42
sns-06	15.599	74.6	16	True	2024-06-09 15:14:00
sns-11	17.996	48.4	77	False	2024-06-20 19:15:02
sns-04	24.298	32.4	23	True	2024-06-13 00:41:35
sns-04	17.484	33.0	45	True	2024-06-14 03:03:11
sns-02	23.072	80.5	89	False	2024-06-18 01:12:17
sns-11	24.883	82.4	92	True	2024-06-15 22:38:59
sns-08	15.124	86.3	83	True	2024-06-16 01:47:53
sns-01	21.238	89.1	88	False	2024-06-22 19:02:03
sns-10	23.008	72.5	88	True	2024-06-23 10:48:09
sns-07	25.643	80.6	44	True	2024-06-12 09:23:28
sns-07	25.393	70.2	43	True	2024-06-09 14:31:12
sns-07	15.499	46.2	77	False	2024-06-18 23:45:18
sns-01	25.547	59.7	84	True	2024-06-29 21:49:30
sns-00	13.889	49.3	9	True	2024-06-01 14:14:29
sns-04	15.043	65.2	29	True	2024-06-08 20:02:54
sns-01	23.897	71.7	3	True	2024-06-12 01:10:46
sns-07	27.904	50.0	94	True	2024-06-03 18:39:33
sns-02	27.811	80.9	62	True	2024-06-22 03:46:45
sns-07	26.306	33.3	10	True	2024-06-02 15:16:52
sns-00	23.149	86.4	44	True	2024-06-14 07:26:40
sns-05	18.195	86.9	43	True	2024-06-12 04:52:52
sns-02	21.838	53.2	4	False	2024-06-01 06:25:46
sns-09	23.489	31.3	0	True	2024-06-04 23:02:29
sns-00	19.996	41.5	70	False	2024-06-30 12:57:04
sns-01	17.848	74.2	40	True	2024-06-19 02:27:35
sns-08	16.682	41.0	57	True	2024-06-11 04:40:56
sns-02	25.434	89.3	72	True	2024-06-05 05:26:38
sns-02	27.035	34.3	38	True	2024-06-24 15:47:50
sns-02	14.676	40.0	63	True	2024-06-17 15:04:48
sns-11	19.893	30.5	78	False	2024-06-25 15:10:06
sns-11	20.798	37.3	50	True	2024-06-24 14:22:32
sns-03	24.663	83.1	14	True	2024-06-23 07:47:41
sns-00	21.819	63.3	22	False	2024-06-08 13:39:36
sns-07	21.381	65.6	1	True	2024-06-02 16:35:26
sns-06	17.06	70.9	14	True	2024-06-20 19:22:12
sns-05	16.394	60.1	36	True	2024-06-26 13:26:05
sns-04	23.337	79.3	83	True	2024-06-15 00:00:37
sns-01	22.72	78.1	57	True	2024-06-29 09:03:51
sns-01	22.732	83.3	93	True	2024-06-16 16:34:33
sns-08	20.856	84.8	32	True	2024-06-27 20:42:34
sns-01	28.704	34.8	29	True	2024-06-07 01:44:28
sns-05	22.215	80.6	8	True	2024-06-03 04:08:30
sns-05	17.768	83.0	15	True	2024-06-25 10:52:24
sns-07	20.268	44.6	93	True	2024-06-22 20:30:25
sns-05	23.221	30.5	54	True	2024-06-15 05:03:40
sns-05	26.168	33.8	39	True	2024-06-26 07:16:34
sns-09	22.461	66.9	71	True	2024-06-05 01:42:48
sns-00	22.574	66.3	98	True	2024-06-06 17:50:23
sns-05	19.576	40.5	96	True	2024-06-29 12:36:27
sns-00	22.252	34.7	75	True	2024-06-15 00:28:24
sns-09	24.811	87.0	11	True	2024-06-29 19:06:51
sns-10	16.187	72.8	53	False	2024-06-13 17:23:40
sns-04	27.057	30.3	74	True	2024-06-20 20:45:47
sns-04	24.971	67.3	7	True	2024-06-25 17:03:10
sns-07	17.964	53.0	77	False	2024-06-29 17:41:56
sns-11	21.353	85.2	2	True	2024-06-23 05:24:10
sns-05	23.866	41.8	10	True	2024-06-02 12:21:21
sns-00	20.766	83.2	49	True	2024-06-19 09:34:48
sns-02	26.98	33.4	8	True	2024-06-11 06:40:45
sns-03	24.329	86.0	46	True	2024-06-29 09:12:24
sns-03	22.905	61.8	12	True	2024-06-23 04:14:19
sns-02	24.175	42.0	53	True	2024-06-14 08:05:30
sns-10	12.005	77.2	46	True	2024-06-07 17:58:20
sns-06	31.503	58.2	82	True	2024-06-23 22:32:23
sns-03	16.787	64.3	21	True	2024-06-27 18:50:21
sns-03	24.061	30.2	60	True	2024-06-26 18:48:48
sns-01	21.567	63.3	89	True	2024-06-25 23:44:25
sns-10	22.622	46.5	39	True	2024-06-11 13:53:34
sns-02	26.017	46.8	59	True	2024-06-09 09:31:07
sns-11	25.826	40.2	7	True	2024-06-06 10:58:08
sns-07	17.687	56.2	71	False	2024-06-08 11:09:46
sns-11	23.122	30.2	67	True	2024-06-01 02:47:25
sns-03	25.484	30.8	84	True	2024-06-15 12:00:24
sns-05	19.699	47.6	71	True	2024-06-14 13:51:54
sns-07	20.468	89.8	96	True	2024-06-28 12:30:50
sns-04	18.085	60.1	74	True	2024-06-06 21:54:44
sns-08	22.712	61.1	95	True	2024-06-23 19:10:39
sns-05	23.239	84.3	98	True	2024-06-26 19:39:14
sns-07	21.435	52.8	71	True	2024-06-04 18:56:20
sns-04	16.678	37.2	16	False	2024-06-20 16:08:17
sns-03	17.558	64.6	76	True	2024-06-05 01:39:04
sns-11	19.824	64.4	100	True	2024-06-29 05:25:23
sns-01	18.985	49.5	59	True	2024-06-10 14:05:53
sns-09	20.98	58.1	77	True	2024-06-06 20:09:09
sns-08	18.611	48.9	35	True	2024-06-06 03:48:46
sns-06	22.924	51.7	28	True	2024-06-23 08:07:58
sns-00	30.088	77.0	33	True	2024-06-07 04:06:59
sns-04	21.524	50.7	40	True	2024-06-08 11:50:37
sns-01	17.308	37.0	70	True	2024-06-22 08:35:47
sns-06	19.866	49.6	66	True	2024-06-23 10:33:07
sns-02	23.863	52.6	49	False	2024-06-30 10:50:07
sns-04	23.179	32.1	84	True	2024-06-08 03:09:06
sns-00	21.84	57.2	17	True	2024-06-01 05:01:24
sns-03	22.288	48.4	1	True	2024-06-04 21:52:41
sns-02	20.723	67.6	8	True	2024-06-23 04:35:32
sns-02	16.654	68.5	6	True	2024-06-04 22:48:22
sns-02	25.176	61.0	88	True	2024-06-20 10:48:06
sns-02	19.781	82.1	84	True	2024-06-29 00:18:12
sns-10	24.157	53.0	84	True	2024-06-10 14:35:18
sns-01	16.855	74.8	32	True	2024-06-25 14:40:11
sns-11	26.555	37.8	36	True	2024-06-08 00:28:50
sns-07	16.764	55.1	76	True	2024-06-22 00:00:46
sns-02	19.029	55.5	89	True	2024-06-25 23:17:17
sns-02	27.64	88.6	98	True	2024-06-11 17:13:15
sns-05	17.161	44.4	64	False	2024-06-06 09:39:03
sns-09	22.809	61.9	30	True	2024-06-07 07:55:12
sns-04	26.72	86.6	88	True	2024-06-13 21:32:33
sns-11	13.605	38.0	27	True	2024-06-19 16:33:40
sns-08	21.594	83.1	99	True	2024-06-29 06:41:29
sns-11	28.657	76.1	27	True	2024-06-08 06:07:57
sns-08	28.221	53.3	28	True	2024-06-29 13:48:45
sns-02	18.237	84.5	71	True	2024-06-30 11:35:51
sns-02	20.559	74.3	97	True	2024-06-09 14:43:19
sns-01	22.128	88.7	50	False	2024-06-12 09:01:08
sns-11	18.567	66.7	26	True	2024-06-30 04:50:18
sns-11	15.737	69.1	17	False	2024-06-30 04:13:45
sns-06	19.839	60.6	26	True	2024-06-03 09:03:13
sns-01	21.75	37.5	10	True	2024-06-19 18:39:09
sns-05	21.113	30.2	92	True	2024-06-28 10:29:59
sns-05	16.343	53.7	94	True	2024-06-20 00:57:24
sns-01	15.174	70.7	3	True	2024-06-16 16:04:00
sns-01	18.345	49.3	37	True	2024-06-21 14:25:10
sns-06	17.901	81.9	89	False	2024-06-19 07:07:45
sns-06	19.534	87.9	48	True	2024-06-20 15:25:13
sns-10	23.208	51.9	68	False	2024-06-19 09:04:14
sns-07	26.543	57.5	12	True	2024-06-01 05:32:51
sns-04	25.083	71.2	73	True	2024-06-21 16:30:10
sns-07	14.942	89.1	78	True	2024-06-21 04:32:24
sns-06	23.469	67.0	46	True	2024-06-23 19:55:12
sns-08	16.347	81.8	10	True	2024-06-02 08:18:45
sns-08	20.337	35.6	84	False	2024-06-03 14:15:18
sns-05	20.4	64.7	58	True	2024-06-21 06:36:08
sns-06	17.717	62.0	39	True	2024-06-12 01:54:05
sns-10	23.521	56.7	41	True	2024-06-20 18:57:48
sns-04	23.038	56.6	63	True	2024-06-13 04:51:38
sns-01	20.547	73.7	19	False	2024-06-05 22:04:06
sns-08	25.78	50.5	15	True	2024-06-04 14:19:49
sns-11	20.764	58.7	61	True	2024-06-01 12:46:27
sns-09	19.571	60.6	86	True	2024-06-27 00:01:39
sns-01	24.41	59.8	83	True	2024-06-27 05:13:33
sns-02	21.751	88.6	7	True	2024-06-30 04:02:58
sns-03	22.938	65.2	0	True	2024-06-04 19:53:49
sns-09	21.051	84.1	39	False	2024-06-15 17:59:37
sns-09	19.351	79.3	78	True	2024-06-03 01:26:36
sns-05	22.912	85.9	0	True	2024-06-06 14:56:25
sns-00	23.284	42.5	9	True	2024-06-19 13:56:08
sns-00	14.405	78.0	48	True	2024-06-22 12:43:16
sns-11	32.693	74.3	79	True	2024-06-04 15:42:17
sns-10	22.329	55.8	95	True	2024-06-08 21:49:23
sns-06	29.484	52.4	8	True	2024-06-23 00:26:02
sns-07	21.549	52.2	12	True	2024-06-23 15:37:07
sns-06	26.261	57.0	80	True	2024-06-13 18:27:41
sns-08	20.845	55.0	37	False	2024-06-28 08:04:39
sns-01	24.491	53.0	43	True	2024-06-26 21:13:40
sns-01	21.422	89.0	13	True	2024-06-01 08:52:24
sns-11	23.856	39.3	85	True	2024-06-22 15:19:45
sns-02	18.347	35.3	45	True	2024-06-14 08:02:31
sns-08	17.905	87.2	91	True	2024-06-08 07:09:17
sns-07	25.76	58.5	32	True	2024-06-02 03:14:15
sns-05	26.654	60.7	17	True	2024-06-20 11:11:07
sns-05	23.458	51.9	38	True	2024-06-22 17:02:06
sns-07	25.679	82.2	12	True	2024-06-16 04:55:40
sns-11	18.009	33.6	91	True	2024-06-06 08:54:39
sns-04	14.104	78.3	99	True	2024-06-26 14:01:23
sns-11	17.249	58.1	26	True	2024-06-08 11:16:44
sns-00	17.971	41.8	49	True	2024-06-14 23:59:38
sns-09	21.449	48.6	69	True	2024-06-21 14:40:55
sns-03	24.084	72.7	78	True	2024-06-07 22:44:47
sns-01	21.576	63.8	70	True	2024-06-16 11:33:21
sns-04	24.978	35.5	12	True	2024-06-20 07:56:44
sns-01	21.238	52.9	25	True	2024-06-20 03:57:33
sns-03	13.802	30.9	74	True	2024-06-18 23:48:50
sns-02	16.009	43.5	100	True	2024-06-01 15:01:51
sns-09	25.872	37.2	71	True	2024-06-02 12:08:52
sns-03	19.587	34.0	80	False	2024-06-26 02:00:41
sns-09	16.625	67.3	62	True	2024-06-22 00:58:42
sns-08	26.031	37.8	97	True	2024-06-17 18:04:39
sns-11	19.99	53.0	99	True	2024-06-30 21:09:57
sns-05	25.558	37.1	85	True	2024-06-04 11:03:04
sns-01	26.226	56.6	8	True	2024-06-18 04:53:21
sns-04	23.917	62.1	16	True	2024-06-20 02:05:05
sns-07	16.368	46.0	54	False	2024-06-19 19:57:51
sns-00	18.148	66.4	11	True	2024-06-30 23:03:56
sns-05	29.356	49.2	30	True	2024-06-07 13:19:28
sns-02	9.525	67.2	17	True	2024-06-17 14:26:11
sns-08	22.127	59.8	1	True	2024-06-18 03:28:49
sns-06	30.378	45.1	93	True	2024-06-02 06:57:58
sns-04	27.624	40.0	30	True	2024-06-12 01:26:14
sns-11	19.801	75.6	41	True	2024-06-15 03:36:40
sns-04	24.644	33.8	77	True	2024-06-22 02:14:16
sns-11	10.368	62.7	99	True	2024-06-11 02:59:22
sns-06	18.536	37.1	21	True	2024-06-23 04:30:41
sns-04	24.895	51.7	89	True	2024-06-29 08:03:28
sns-04	23.362	65.1	80	True	2024-06-12 04:50:33
sns-05	21.022	56.8	7	True	2024-06-06 05:07:13
sns-11	24.734	85.5	26	True	2024-06-16 09:52:42
sns-06	18.878	81.0	65	True	2024-06-05 17:34:57
sns-10	17.394	40.2	70	True	2024-06-06 03:56:28
sns-03	18.165	58.1	57	True	2024-06-20 03:52:17
sns-08	15.231	33.0	10	True	2024-06-19 17:20:51
sns-09	22.87	89.7	70	True	2024-06-19 01:16:28
sns-04	18.399	78.1	71	True	2024-06-04 10:17:12
sns-04	20.581	89.2	86	False	2024-06-14 13:43:42
sns-09	11.709	86.0	23	True	2024-06-19 17:12:34
sns-03	23.799	56.3	3	True	2024-06-02 12:45:19
sns-06	21.377	37.5	19	True	2024-06-27 07:11:29
sns-03	18.527	87.2	41	True	2024-06-15 02:05:41
sns-08	18.203	31.9	79	True	2024-06-03 20:58:08
sns-04	25.221	69.5	96	True	2024-06-26 08:43:42
sns-04	18.507	71.8	47	True	2024-06-12 13:05:19
sns-11	28.096	47.0	49	False	2024-06-02 00:34:48
sns-04	18.193	40.0	20	True	2024-06-24 17:31:28
sns-02	19.84	31.0	79	True	2024-06-28 05:36:12
sns-06	24.452	61.7	95	True	2024-06-16 06:54:31
sns-10	24.393	58.3	21	True	2024-06-17 12:39:39
sns-07	18.811	49.1	59	True	2024-06-11 09:34:21
sns-01	22.972	76.5	75	True	2024-06-09 07:48:52
sns-09	15.378	87.8	91	True	2024-06-06 22:05:55
sns-04	26.241	62.5	3	True	2024-06-27 08:11:52
sns-01	25.123	68.5	7	False	2024-06-04 09:45:24
sns-01	15.636	53.2	38	True	2024-06-05 04:04:38
sns-04	21.081	89.4	25	True	2024-06-09 14:27:45
sns-10	27.759	57.1	85	False	2024-06-03 05:45:18
sns-04	23.804	86.1	30	True	2024-06-25 22:25:46
sns-05	22.963	36.8	51	True	2024-06-27 05:47:03
sns-08	24.116	35.2	55	True	2024-06-30 22:25:35
sns-11	22.791	39.5	58	True	2024-06-04 11:06:30
sns-07	19.756	68.3	68	True	2024-06-30 11:57:16
sns-06	15.667	44.3	54	True	2024-06-30 06:43:00
sns-09	15.442	71.3	7	True	2024-06-09 10:45:00
sns-01	17.237	88.5	87	True	2024-06-09 02:16:26
sns-04	14.296	61.8	56	True	2024-06-10 18:29:35
sns-01	19.73	73.5	85	True	2024-06-19 16:36:20
sns-04	23.244	73.0	25	True	2024-06-26 12:36:19
sns-00	27.531	58.3	89	True	2024-06-16 01:21:05
sns-04	17.635	40.3	47	True	2024-06-17 00:41:35
sns-10	25.995	44.8	70	True	2024-06-02 14:26:26
sns-00	17.469	36.2	29	True	2024-06-07 14:34:11
sns-04	22.864	43.6	34	True	2024-06-13 15:33:19
sns-06	27.016	37.5	18	True	2024-06-14 23:22:48
sns-10	16.163	69.7	20	True	2024-06-10 23:43:29
sns-05	27.44	77.7	78	True	2024-06-21 09:10:16
sns-00	19.373	59.5	14	True	2024-06-23 00:04:52
sns-06	27.305	50.4	81	True	2024-06-27 20:01:40
sns-08	19.101	33.4	8	True	2024-06-12 04:51:29
sns-00	23.365	47.7	3	True	2024-06-18 10:11:32
sns-03	22.793	64.1	39	True	2024-06-18 21:25:21
sns-04	20.221	66.0	24	True	2024-06-27 16:23:36
sns-07	23.146	66.3	76	True	2024-06-09 13:34:29
sns-04	14.791	50.7	93	True	2024-06-15 17:28:09
sns-05	25.065	60.3	12	True	2024-06-25 20:30:17
sns-09	16.044	50.6	94	True	2024-06-29 01:09:50
sns-10	20.493	67.6	0	True	2024-06-07 04:58:55
sns-06	22.161	42.2	2	True	2024-06-22 04:28:13
sns-07	18.989	61.2	7	True	2024-06-26 02:59:50
sns-08	17.844	49.2	37	True	2024-06-18 00:07:46
sns-01	16.13	71.3	93	True	2024-06-20 13:48:50
sns-06	17.905	88.8	31	True	2024-06-22 03:49:47
sns-06	17.079	85.3	63	True	2024-06-29 22:40:23
sns-00	23.057	83.5	16	True	2024-06-29 18:59:45
sns-07	23.79	73.6	68	True	2024-06-20 07:07:57
sns-00	25.895	74.9	84	True	2024-06-23 11:16:43
sns-06	27.443	53.2	28	True	2024-06-30 07:08:50
sns-02	23.337	79.1	55	True	2024-06-17 21:30:50
sns-01	27.328	44.1	77	True	2024-06-02 00:45:44
sns-08	21.966	57.9	78	True	2024-06-13 05:57:39
sns-02	20.942	79.7	76	True	2024-06-29 03:55:21
sns-02	28.669	33.8	6	True	2024-06-18 21:13:11
sns-10	21.193	79.0	10	True	2024-06-30 02:27:04
sns-02	15.504	43.3	27	True	2024-06-21 02:37:57
sns-03	31.807	48.8	4	True	2024-06-18 08:13:54
sns-09	23.257	76.8	13	True	2024-06-08 08:10:00
sns-09	17.943	73.4	51	True	2024-06-18 15:23:16
sns-02	21.52	68.2	10	True	2024-06-27 18:11:05
sns-02	23.28	82.4	39	True	2024-06-19 10:03:45
sns-07	20.81	43.5	41	True	2024-06-22 17:43:39
sns-02	17.325	48.4	51	True	2024-06-23 19:36:55
sns-01	23.127	41.2	84	True	2024-06-15 03:51:11
sns-07	26.844	35.1	54	True	2024-06-12 13:02:25
sns-11	16.071	76.9	70	True	2024-06-11 18:30:14
sns-08	25.645	52.6	40	True	2024-06-27 11:06:14
sns-10	23.384	79.5	47	True	2024-06-21 02:57:52
sns-10	22.626	52.6	54	True	2024-06-12 20:29:05
sns-08	26.895	69.7	43	True	2024-06-27 05:20:50
sns-04	25.639	34.9	7	True	2024-06-20 17:33:24
sns-05	19.856	68.8	97	True	2024-06-25 22:08:48
sns-03	32.729	33.0	51	True	2024-06-13 08:45:58
sns-00	17.291	89.5	35	True	2024-06-23 21:19:20
sns-00	17.58	70.3	58	True	2024-06-29 18:42:46
sns-06	25.118	50.3	77	True	2024-06-22 05:05:10
sns-08	12.556	40.7	95	True	2024-06-02 18:00:26
sns-02	22.412	63.6	29	True	2024-06-24 02:19:27
sns-01	24.712	35.8	63	True	2024-06-08 16:38:46
sns-08	23.017	84.3	19	True	2024-06-10 03:08:15
sns-11	26.913	36.0	62	True	2024-06-17 23:54:31
sns-02	26.327	54.8	83	True	2024-06-03 05:56:15
sns-00	21.211	65.1	75	True	2024-06-15 00:44:44
sns-03	22.977	30.0	96	True	2024-06-03 15:13:59
sns-02	25.631	63.0	67	True	2024-06-21 15:45:23
sns-04	21.324	79.0	74	True	2024-06-14 23:37:49
sns-02	30.281	72.7	30	True	2024-06-09 08:28:49
sns-08	13.49	86.2	61	True	2024-06-03 23:00:22
sns-02	19.144	85.5	84	True	2024-06-26 06:44:39
sns-04	12.075	78.0	48	True	2024-06-21 01:51:06
sns-02	25.431	32.7	87	True	2024-06-02 11:47:42
sns-01	24.786	70.0	63	True	2024-06-19 02:14:46
sns-05	20.101	66.9	6	True	2024-06-02 07:26:19
sns-05	14.371	54.5	85	True	2024-06-14 21:10:56
sns-02	28.788	88.1	6	True	2024-06-18 08:52:39
sns-05	13.252	70.4	66	True	2024-06-21 02:00:13
sns-06	24.475	80.7	98	True	2024-06-19 15:49:30
sns-08	17.838	68.6	61	True	2024-06-15 10:03:01
sns-11	29.054	87.1	10	True	2024-06-15 04:32:41
sns-06	23.519	71.6	75	True	2024-06-18 00:30:31
sns-10	22.255	63.9	7	True	2024-06-26 01:53:15
sns-04	17.875	33.0	57	False	2024-06-28 13:08:25
sns-07	22.231	37.9	36	True	2024-06-25 22:29:38
sns-11	27.368	75.8	93	True	2024-06-10 18:42:26
sns-05	28.921	81.1	29	True	2024-06-16 01:58:35
sns-08	31.271	53.1	93	True	2024-06-07 02:38:07
sns-00	19.588	47.4	52	True	2024-06-18 03:09:35
sns-06	18.093	39.3	81	True	2024-06-07 04:43:05
sns-06	25.212	32.2	89	True	2024-06-25 12:16:23
sns-11	31.699	53.2	94	True	2024-06-06 00:47:49
sns-10	17.31	41.4	36	True	2024-06-23 02:21:59
sns-08	13.796	70.8	55	True	2024-06-18 17:38:36
sns-04	16.61	32.4	98	False	2024-06-13 23:46:52
sns-06	20.372	54.0	23	True	2024-06-13 17:55:10
sns-07	16.346	40.6	23	True	2024-06-03 10:55:18
sns-05	20.816	83.9	90	True	2024-06-20 00:28:07
sns-06	19.854	37.2	57	True	2024-06-13 02:33:24
sns-03	19.968	89.9	59	True	2024-06-29 02:54:32
sns-01	19.432	85.2	11	False	2024-06-24 23:59:01
sns-08	15.425	70.2	90	True	2024-06-19 13:04:26
sns-09	17.764	61.7	85	True	2024-06-23 18:16:21
sns-05	19.575	65.3	71	True	2024-06-25 07:28:17
sns-09	26.985	89.9	75	True	2024-06-17 07:10:39
sns-01	23.443	36.6	58	True	2024-06-06 08:47:59
sns-03	16.865	44.6	82	False	2024-06-19 17:05:15
sns-01	23.701	59.5	48	True	2024-06-17 12:25:47
sns-07	25.202	34.3	99	True	2024-06-23 10:32:55
sns-06	19.795	56.1	50	True	2024-06-25 07:23:33
sns-00	17.12	84.1	41	True	2024-06-25 09:52:07
sns-10	25.892	44.8	94	False	2024-06-07 17:44:42
sns-04	27.99	78.6	20	False	2024-06-06 05:39:14
sns-11	15.28	78.6	30	True	2024-06-16 19:31:09
sns-08	19.971	50.2	18	False	2024-06-15 21:45:15
sns-00	17.4	89.0	52	True	2024-06-05 03:43:45
sns-02	27.183	50.1	70	True	2024-06-30 04:31:19
sns-08	19.24	32.0	40	True	2024-06-07 21:34:35
sns-01	20.11	62.0	38	True	2024-06-15 15:49:42
sns-11	20.183	78.5	81	True	2024-06-09 00:11:59
sns-01	24.659	69.1	29	True	2024-06-18 12:46:03
sns-04	23.343	45.6	80	True	2024-06-20 06:03:38
sns-05	18.738	38.0	12	True	2024-06-01 17:57:13
sns-08	24.884	68.9	47	True	2024-06-26 21:45:49
sns-09	19.792	53.2	69	True	2024-06-01 11:56:57
sns-09	25.698	36.4	35	True	2024-06-22 17:37:20
sns-02	27.029	38.8	37	True	2024-06-09 15:55:03
sns-03	19.571	83.2	95	True	2024-06-10 19:48:58
sns-08	14.596	62.6	73	True	2024-06-28 01:37:17
sns-02	23.89	56.6	25	True	2024-06-26 04:27:10
sns-02	22.115	57.1	67	True	2024-06-12 00:29:49
sns-00	11.444	72.2	29	True	2024-06-10 16:18:56
sns-00	13.995	50.8	87	False	2024-06-08 08:07:50
sns-05	18.126	43.6	26	True	2024-06-08 05:27:16
sns-11	15.218	63.0	23	True	2024-06-26 06:58:12
sns-09	18.34	50.8	22	True	2024-06-09 15:45:22
sns-08	23.198	49.1	20	True	2024-06-26 18:12:49
sns-00	20.228	44.6	85	True	2024-06-14 03:59:05
sns-06	22.655	80.7	61	True	2024-06-25 02:36:07
sns-07	14.136	75.4	31	True	2024-06-01 06:01:56
sns-04	20.429	49.8	61	False	2024-06-05 08:28:52
sns-06	21.405	42.3	51	True	2024-06-17 18:58:37
sns-01	16.267	73.0	60	True	2024-06-21 00:59:25
sns-06	21.906	85.8	79	True	2024-06-24 15:49:03
sns-09	23.566	70.6	38	True	2024-06-20 03:48:21
sns-06	19.807	87.2	66	True	2024-06-14 10:57:58
sns-02	22.135	61.7	59	True	2024-06-10 05:39:52
sns-11	15.584	42.9	14	True	2024-06-22 17:38:14
sns-06	23.258	75.9	77	True	2024-06-02 18:48:37
sns-07	27.787	57.2	15	True	2024-06-09 13:37:38
sns-05	24.148	75.7	17	True	2024-06-06 20:41:41
sns-05	18.581	49.1	71	True	2024-06-18 16:21:20
sns-02	22.109	70.5	53	True	2024-06-23 06:29:03
sns-04	24.043	73.3	23	True	2024-06-06 18:05:31
sns-06	24.585	78.4	92	True	2024-06-08 14:36:21
sns-09	25.404	71.2	27	True	2024-06-21 06:20:50
sns-10	23.559	73.9	67	True	2024-06-12 23:09:34
sns-06	20.559	77.1	90	True	2024-06-06 11:54:02
sns-03	22.113	64.6	80	True	2024-06-17 11:38:43
sns-11	22.593	81.5	71	True	2024-06-23 08:20:09
sns-07	16.956	73.3	8	True	2024-06-08 15:46:42
sns-03	22.85	53.9	83	False	2024-06-14 00:15:18
sns-11	24.924	68.3	77	True	2024-06-16 11:37:50
sns-01	26.001	41.2	14	True	2024-06-17 20:24:15
sns-00	12.624	33.6	7	True	2024-06-24 16:44:25
sns-11	13.496	37.9	43	True	2024-06-24 19:58:55
sns-05	23.382	68.3	58	True	2024-06-01 00:20:27
sns-11	27.272	78.1	18	True	2024-06-14 17:57:04
sns-06	25.88	31.5	56	True	2024-06-07 15:32:26
sns-06	24.108	81.7	73	True	2024-06-21 08:03:26
sns-02	21.376	50.2	21	True	2024-06-30 05:32:12
sns-10	28.364	40.4	82	False	2024-06-17 10:27:13
sns-03	16.274	62.1	89	True	2024-06-07 08:07:37
sns-06	17.929	44.5	85	False	2024-06-29 07:39:39
sns-08	29.063	53.1	87	True	2024-06-01 02:04:40
sns-11	15.691	66.9	11	True	2024-06-19 01:09:18
sns-08	22.756	41.6	33	True	2024-06-24 09:52:41
sns-09	25.378	48.2	57	True	2024-06-04 11:41:38
sns-05	25.451	83.8	53	True	2024-06-22 21:02:27
sns-08	16.43	39.5	83	True	2024-06-09 03:30:52
sns-01	26.645	87.4	2	True	2024-06-10 20:25:47
sns-08	18.347	30.4	6	True	2024-06-26 08:23:13
sns-03	28.352	45.0	39	True	2024-06-11 08:07:28
sns-09	17.257	79.2	26	True	2024-06-28 05:24:03
sns-11	23.651	71.5	76	True	2024-06-05 17:34:22
sns-08	14.156	74.3	38	True	2024-06-29 06:02:50
sns-00	24.364	65.3	97	True	2024-06-29 02:46:51
sns-06	17.887	67.7	46	True	2024-06-19 17:58:50
sns-09	26.151	34.1	71	True	2024-06-01 14:12:13
sns-03	23.269	61.8	67	True	2024-06-03 00:29:28
sns-02	24.105	40.8	55	True	2024-06-12 21:38:03
sns-11	18.865	75.4	18	True	2024-06-25 02:25:25
sns-04	19.887	40.6	3	True	2024-06-11 15:59:32
sns-04	24.587	39.9	39	True	2024-06-03 04:34:37
sns-03	23.683	49.4	7	True	2024-06-29 16:45:06
sns-08	27.198	80.0	78	True	2024-06-18 23:05:00
sns-03	25.375	41.4	81	True	2024-06-22 21:45:28
sns-10	20.677	32.8	65	True	2024-06-29 02:18:07
sns-08	16.985	38.0	23	False	2024-06-02 00:32:39
sns-04	15.758	62.4	5	True	2024-06-23 16:49:21
sns-03	26.317	36.6	3	True	2024-06-24 04:26:30
sns-04	23.375	54.3	91	True	2024-06-04 15:14:03
sns-09	32.758	32.3	23	True	2024-06-01 13:34:29
sns-01	22.718	72.1	49	True	2024-06-04 05:32:39
sns-11	16.508	31.0	43	True	2024-06-01 17:00:19
sns-02	20.951	79.8	24	True	2024-06-07 01:23:36
sns-01	26.471	52.0	46	True	2024-06-10 17:54:41
sns-05	15.427	66.5	49	True	2024-06-24 21:13:25
sns-07	24.344	87.4	97	True	2024-06-22 13:10:20
sns-03	21.847	70.7	71	True	2024-06-25 22:22:15
sns-01	18.581	61.9	33	True	2024-06-21 18:00:30
sns-06	20.892	82.2	45	True	2024-06-18 02:03:34
sns-04	18.593	60.9	3	True	2024-06-12 12:03:42
sns-11	26.505	64.6	53	True	2024-06-27 23:07:26
sns-06	19.552	87.8	78	True	2024-06-07 16:12:57
sns-09	18.394	39.5	54	True	2024-06-20 02:07:53
sns-06	19.355	76.1	7	True	2024-06-13 18:41:40
sns-06	19.188	76.9	4	True	2024-06-18 07:58:06
sns-11	21.45	77.2	63	True	2024-06-19 00:34:47
sns-11	19.845	60.8	36	True	2024-06-17 16:25:11
sns-01	22.215	41.0	15	True	2024-06-09 03:53:07
sns-08	20.52	53.5	5	True	2024-06-03 02:16:40
sns-11	22.827	40.0	79	False	2024-06-29 07:35:08
sns-01	27.628	33.2	34	True	2024-06-19 12:03:35
sns-10	25.606	70.7	84	True	2024-06-21 05:27:57
sns-09	18.313	72.9	20	True	2024-06-30 03:17:06
sns-09	22.535	67.6	62	True	2024-06-16 18:56:34
sns-07	21.223	56.5	60	True	2024-06-19 23:41:24
sns-11	20.427	46.1	32	True	2024-06-22 13:36:39
sns-07	19.856	84.0	93	True	2024-06-17 18:54:01
sns-08	20.822	89.9	90	True	2024-06-29 05:35:38
sns-03	24.779	64.2	68	True	2024-06-30 23:01:09
sns-08	23.88	85.1	13	True	2024-06-13 23:20:25
sns-02	22.497	31.6	97	True	2024-06-27 16:36:40
sns-04	20.173	80.8	51	True	2024-06-21 13:39:06
sns-08	23.891	68.5	84	True	2024-06-04 06:02:30
sns-00	14.105	67.3	72	True	2024-06-04 19:24:59
sns-11	23.099	53.5	61	True	2024-06-21 01:55:46
sns-01	29.794	84.0	15	True	2024-06-01 16:31:41
sns-02	25.425	52.5	85	True	2024-06-26 00:27:09
sns-05	25.4	87.4	75	True	2024-06-21 15:16:48
sns-02	15.525	86.7	59	True	2024-06-05 14:36:26
sns-02	21.663	78.7	44	True	2024-06-04 07:26:39
sns-04	19.353	45.7	13	True	2024-06-10 06:12:40
sns-03	20.696	42.9	4	True	2024-06-23 21:51:17
sns-03	14.988	32.4	62	True	2024-06-19 14:16:23
sns-08	22.363	49.6	69	True	2024-06-09 21:27:24
sns-05	19.534	49.3	70	True	2024-06-14 10:31:19
sns-00	26.206	42.7	21	False	2024-06-09 23:43:17
sns-11	20.505	85.4	51	True	2024-06-07 17:36:18
sns-09	23.064	32.7	29	True	2024-06-08 22:07:22
sns-07	18.222	83.6	51	True	2024-06-17 02:49:32
sns-02	20.839	38.8	19	True	2024-06-27 15:29:59
sns-01	23.509	44.5	20	True	2024-06-28 09:16:19
sns-01	28.405	88.9	17	True	2024-06-01 09:48:14
sns-06	23.228	85.4	17	True	2024-06-21 00:37:24
sns-01	20.753	34.7	52	True	2024-06-27 11:24:50
sns-01	21.687	64.0	44	True	2024-06-06 08:52:34
sns-08	23.546	61.9	71	True	2024-06-14 19:54:56
sns-06	21.03	43.9	81	True	2024-06-15 14:52:23
sns-06	26.308	39.8	61	False	2024-06-19 02:24:12
sns-02	14.273	83.2	8	True	2024-06-28 04:38:39
sns-10	14.046	46.2	22	True	2024-06-14 19:47:24
sns-00	15.8	83.4	49	True	2024-06-17 04:14:42
sns-05	17.382	47.7	49	True	2024-06-10 08:03:10
sns-07	20.697	88.0	3	True	2024-06-01 18:07:38
sns-08	25.937	55.7	45	True	2024-06-30 01:05:16
sns-06	28.358	74.6	99	True	2024-06-09 03:01:02
sns-00	27.227	44.9	41	True	2024-06-16 02:07:31
sns-04	24.635	86.5	97	True	2024-06-15 08:50:41
sns-01	24.763	36.0	52	True	2024-06-20 20:53:03
sns-11	20.638	63.1	36	True	2024-06-10 12:39:05
sns-00	23.221	36.4	96	True	2024-06-29 01:07:00
sns-03	24.811	46.8	46	True	2024-06-19 11:42:40
sns-04	27.854	50.2	35	True	2024-06-20 16:49:51
sns-00	20.917	71.4	41	True	2024-06-13 17:58:06
sns-04	24.636	57.4	8	True	2024-06-14 16:09:19
sns-05	24.001	50.2	99	True	2024-06-03 21:17:47
sns-02	20.908	72.3	19	True	2024-06-10 08:09:46
sns-02	25.962	83.1	2	True	2024-06-16 13:23:59
sns-06	34.283	50.1	52	True	2024-06-13 14:54:12
sns-01	16.628	87.2	75	True	2024-06-03 03:54:16
sns-09	27.964	70.9	47	True	2024-06-19 02:05:55
sns-04	23.357	69.6	36	True	2024-06-14 05:19:54
sns-00	20.953	76.1	9	True	2024-06-11 11:01:24
sns-04	17.859	53.0	88	True	2024-06-30 20:42:58
sns-06	29.667	72.3	20	True	2024-06-21 17:49:09
sns-02	22.96	83.0	3	True	2024-06-09 23:33:12
sns-05	20.115	86.7	75	True	2024-06-28 00:56:38
sns-01	24.991	45.6	29	True	2024-06-12 17:50:51
sns-01	21.585	49.7	31	True	2024-06-12 18:52:24
sns-11	22.995	79.9	44	True	2024-06-30 00:30:45
sns-02	19.919	35.6	53	True	2024-06-06 12:22:18
sns-04	28.861	83.2	18	True	2024-06-07 07:30:53
sns-06	23.811	63.4	1	True	2024-06-20 15:15:25
sns-10	13.546	44.9	16	True	2024-06-24 06:31:56
sns-11	17.038	60.6	58	True	2024-06-19 18:47:35
sns-05	27.456	65.8	18	True	2024-06-24 20:00:11
sns-03	20.879	72.8	27	True	2024-06-18 22:20:59
sns-04	27.236	85.2	1	True	2024-06-26 09:59:38
sns-10	14.34	86.4	14	True	2024-06-15 09:21:00
sns-11	22.592	87.5	21	True	2024-06-05 09:22:03
sns-04	28.663	49.4	17	True	2024-06-05 15:35:47
sns-02	21.925	43.9	52	False	2024-06-15 08:37:18
sns-04	18.928	65.8	23	True	2024-06-06 03:17:09
sns-06	16.853	48.2	21	True	2024-06-28 20:17:35
sns-11	30.844	45.3	52	True	2024-06-27 17:48:55
sns-05	16.251	68.0	38	True	2024-06-19 00:22:54
sns-02	19.971	60.0	20	True	2024-06-20 10:55:54
sns-01	21.16	62.9	32	True	2024-06-23 06:46:10
sns-11	18.921	82.3	82	True	2024-06-09 23:22:24
sns-00	21.197	57.8	65	False	2024-06-15 04:19:44
sns-03	15.536	53.3	78	True	2024-06-17 02:24:41
sns-03	21.481	60.1	74	False	2024-06-14 04:06:23
sns-07	20.698	69.4	6	True	2024-06-19 20:23:33
sns-00	25.425	71.9	22	True	2024-06-24 18:59:17
sns-10	23.685	35.2	46	True	2024-06-04 06:19:56
sns-09	25.412	83.6	19	True	2024-06-15 20:01:48
sns-09	13.639	54.5	62	True	2024-06-18 00:12:57
sns-00	12.83	73.6	93	True	2024-06-16 04:47:28
sns-04	18.898	39.8	14	True	2024-06-02 13:39:47
sns-03	28.615	76.1	19	False	2024-06-02 19:05:38
sns-06	22.401	73.4	16	True	2024-06-22 12:30:34
sns-07	24.889	86.3	55	True	2024-06-13 01:14:41
sns-11	26.476	83.4	22	True	2024-06-29 18:30:49
sns-07	23.467	40.3	49	True	2024-06-22 17:37:25
sns-07	22.774	34.5	14	True	2024-06-07 03:25:42
sns-06	20.979	50.7	1	True	2024-06-26 01:40:47
sns-01	20.768	86.4	8	True	2024-06-21 11:59:42
sns-03	20.43	49.1	86	True	2024-06-22 06:10:06
sns-05	27.208	35.7	82	True	2024-06-16 15:25:19
sns-09	24.676	68.5	52	True	2024-06-15 19:30:32
sns-01	22.856	62.8	7	True	2024-06-26 21:51:31
sns-11	20.865	81.0	7	True	2024-06-09 05:39:14
sns-04	16.702	49.7	98	True	2024-06-30 06:54:45
sns-06	15.503	53.4	66	True	2024-06-09 21:05:52
sns-05	25.658	84.2	4	True	2024-06-07 04:40:08
sns-02	24.183	73.7	49	True	2024-06-08 06:52:40
sns-02	17.858	47.2	15	True	2024-06-23 11:25:15
sns-04	22.502	47.1	75	True	2024-06-08 23:19:45
sns-06	27.411	48.3	85	True	2024-06-17 19:43:15
sns-03	23.629	81.5	88	True	2024-06-14 04:07:42
sns-02	22.758	85.7	86	True	2024-06-08 16:11:43
sns-08	24.942	46.4	67	True	2024-06-18 06:17:06
sns-11	23.045	64.9	34	True	2024-06-16 08:57:36
sns-06	20.909	49.6	64	True	2024-06-02 02:48:58
sns-01	22.04	32.5	38	True	2024-06-15 10:09:49
sns-03	20.521	59.0	21	True	2024-06-08 20:48:40
sns-09	27.495	56.4	53	True	2024-06-12 22:06:17
sns-05	18.429	42.7	62	True	2024-06-08 09:44:41
sns-09	27.799	88.7	3	False	2024-06-18 03:38:25
sns-03	10.099	88.3	5	True	2024-06-23 23:57:36
sns-09	16.78	57.4	33	True	2024-06-10 22:08:07
sns-04	23.207	78.8	68	True	2024-06-28 05:46:14
sns-08	18.798	58.8	94	True	2024-06-28 17:19:18
sns-07	25.033	32.0	29	True	2024-06-25 00:04:14
sns-11	14.497	82.6	92	True	2024-06-15 08:49:31
sns-06	22.328	54.0	34	True	2024-06-15 10:11:42
sns-03	23.033	85.9	55	True	2024-06-05 19:54:42
sns-09	26.715	47.6	94	True	2024-06-08 03:10:00
sns-04	18.21	34.2	36	True	2024-06-22 11:20:51
sns-02	20.58	71.0	93	True	2024-06-11 09:13:54
sns-02	16.932	41.2	78	False	2024-06-10 17:56:50
sns-01	25.614	48.0	28	True	2024-06-29 10:25:29
sns-01	23.629	34.9	58	True	2024-06-23 21:32:44
sns-08	16.094	63.4	20	True	2024-06-17 13:10:10
sns-07	17.461	56.7	92	True	2024-06-10 19:56:39
sns-01	17.624	33.6	34	True	2024-06-09 21:24:21
sns-00	24.526	87.2	41	True	2024-06-29 17:17:21
sns-02	31.129	51.1	36	True	2024-06-12 03:50:56
sns-04	18.734	66.7	53	True	2024-06-15 15:58:59
sns-00	21.418	73.6	3	True	2024-06-19 22:41:44
sns-07	22.512	34.5	25	True	2024-06-04 06:02:28
sns-11	28.372	88.6	89	True	2024-06-18 09:47:52
sns-10	27.901	34.4	60	True	2024-06-24 03:55:43
sns-01	17.197	39.1	99	True	2024-06-17 08:56:13
sns-02	22.783	40.0	56	True	2024-06-21 10:54:56
sns-06	17.039	70.2	75	True	2024-06-09 05:14:03
sns-06	14.771	39.1	99	True	2024-06-07 17:04:04
sns-00	24.835	60.1	91	True	2024-06-05 21:11:38
sns-10	20.063	80.0	84	True	2024-06-21 10:09:56
sns-02	20.861	66.0	1	True	2024-06-07 01:15:17
sns-03	20.573	64.6	17	True	2024-06-16 09:04:57
sns-06	17.828	45.3	16	True	2024-06-04 02:38:48
sns-07	19.261	38.1	10	True	2024-06-23 17:15:55
sns-01	23.408	84.7	77	True	2024-06-24 04:17:41
sns-04	27.755	62.0	14	True	2024-06-29 01:25:12
sns-00	23.737	42.5	60	True	2024-06-03 10:51:03
sns-09	30.877	73.4	75	True	2024-06-12 23:44:06
sns-08	25.713	71.5	65	True	2024-06-25 11:50:40
sns-10	26.558	70.3	1	True	2024-06-19 04:01:49
sns-10	18.407	62.3	96	True	2024-06-25 02:12:51
sns-11	13.109	75.6	22	True	2024-06-14 04:45:49
sns-00	19.488	41.3	76	True	2024-06-26 03:14:55
sns-03	16.03	52.3	67	True	2024-06-19 02:05:42
sns-08	20.58	82.1	89	True	2024-06-18 15:41:50
sns-04	22.052	38.5	65	False	2024-06-25 12:31:04
sns-01	15.068	40.2	68	True	2024-06-15 08:43:02
sns-11	16.688	58.4	7	True	2024-06-09 21:04:42
sns-08	22.497	80.5	96	True	2024-06-20 15:13:02
sns-00	26.817	49.6	83	True	2024-06-04 18:54:27
sns-03	23.444	61.9	9	True	2024-06-01 21:35:51
sns-02	10.505	89.1	31	True	2024-06-06 02:29:35
sns-11	7.264	88.4	90	False	2024-06-07 07:51:44
sns-11	29.763	71.8	89	True	2024-06-26 07:00:16
sns-03	21.684	85.2	6	True	2024-06-07 05:40:04
sns-08	28.513	44.2	48	True	2024-06-17 22:43:01
sns-03	24.914	33.2	5	True	2024-06-24 17:06:06
sns-05	26.157	41.9	74	True	2024-06-06 03:21:50
sns-06	17.784	79.1	40	False	2024-06-13 07:53:51
sns-10	26.419	69.2	58	True	2024-06-15 16:50:33
sns-05	21.187	87.9	51	True	2024-06-13 01:09:28
sns-03	22.009	70.8	85	True	2024-06-25 15:29:15
sns-03	25.228	78.5	36	True	2024-06-15 08:03:19
sns-06	17.044	54.7	35	True	2024-06-21 10:19:39
sns-02	23.581	59.3	9	True	2024-06-05 09:11:22
sns-08	17.992	87.9	83	True	2024-06-16 02:10:51
sns-09	13.842	71.9	13	True	2024-06-11 16:16:48
sns-05	18.315	47.0	96	True	2024-06-26 02:07:35
sns-06	17.462	67.3	84	True	2024-06-15 10:51:30
sns-00	19.087	35.9	49	True	2024-06-08 02:34:11
sns-11	22.176	75.1	82	True	2024-06-05 23:25:31
sns-03	18.83	54.8	27	True	2024-06-13 01:31:39
sns-10	18.48	59.0	35	True	2024-06-11 08:57:42
sns-07	18.836	45.2	46	True	2024-06-17 10:50:38
sns-11	23.075	88.1	77	True	2024-06-01 03:32:23
sns-11	19.529	57.3	10	True	2024-06-24 11:07:21
sns-10	28.599	53.2	5	True	2024-06-19 02:57:24
sns-10	16.157	73.8	17	True	2024-06-29 18:46:32
sns-08	27.394	72.7	97	True	2024-06-21 12:51:18
sns-11	17.082	37.7	61	True	2024-06-21 15:17:49
sns-08	14.604	51.8	85	True	2024-06-01 22:54:23
sns-05	20.592	43.8	41	True	2024-06-18 08:48:29
sns-03	33.188	45.9	9	True	2024-06-09 19:53:18
sns-00	17.626	81.5	32	True	2024-06-28 07:21:14
sns-02	20.066	46.1	70	True	2024-06-15 03:28:13
sns-01	24.914	59.8	29	True	2024-06-14 10:48:36
sns-07	19.683	35.7	44	True	2024-06-18 08:04:02
sns-09	20.992	37.3	38	True	2024-06-29 23:20:16
sns-02	21.806	48.9	94	True	2024-06-04 01:00:36
sns-08	19.737	49.9	33	True	2024-06-05 07:20:19
sns-06	24.963	48.7	13	True	2024-06-09 00:31:49
sns-08	23.977	33.8	67	True	2024-06-06 20:51:07
sns-05	23.271	82.8	32	False	2024-06-08 09:43:53
sns-01	13.986	44.4	26	True	2024-06-19 02:40:28
sns-09	22.986	58.6	86	True	2024-06-02 04:48:47
sns-09	12.865	81.8	96	True	2024-06-15 02:26:14
sns-05	22.526	57.5	13	True	2024-06-08 02:35:15
sns-08	23.543	72.4	21	True	2024-06-02 19:35:40
sns-05	25.104	49.5	34	True	2024-06-27 00:23:45
sns-07	22.06	37.6	90	True	2024-06-12 11:23:39
sns-02	19.621	66.9	24	True	2024-06-02 07:24:42
sns-09	17.391	84.6	84	True	2024-06-21 20:56:54
sns-11	21.882	41.5	76	False	2024-06-21 06:37:35
sns-07	23.877	63.1	15	True	2024-06-07 11:28:20
sns-04	18.529	41.1	63	True	2024-06-01 09:58:14
sns-02	37.077	30.4	88	True	2024-06-14 12:58:03
sns-11	20.901	30.0	78	True	2024-06-28 23:22:49
sns-10	13.513	42.5	59	True	2024-06-05 09:30:24
sns-01	17.325	60.4	88	True	2024-06-09 05:14:24
sns-01	14.612	39.8	68	True	2024-06-03 11:00:47
sns-09	22.228	83.2	95	True	2024-06-23 04:03:14
sns-11	22.873	63.2	95	True	2024-06-15 18:10:41
sns-11	18.293	75.0	90	True	2024-06-15 15:43:49
sns-03	20.525	63.0	8	True	2024-06-25 14:39:42
sns-00	20.734	45.2	86	True	2024-06-05 01:24:45
sns-01	21.166	59.6	13	True	2024-06-06 20:12:35
sns-01	26.63	80.0	5	False	2024-06-10 08:26:59
sns-10	18.558	56.5	56	True	2024-06-13 18:35:38
sns-03	25.532	46.0	84	True	2024-06-17 09:26:07
sns-11	24.234	36.5	49	True	2024-06-14 13:30:08
sns-09	17.676	84.2	28	True	2024-06-09 07:02:48
sns-09	23.701	50.2	33	True	2024-06-26 13:22:30
sns-02	22.955	68.7	39	False	2024-06-23 14:52:05
sns-09	20.454	87.5	81	True	2024-06-03 20:56:49
sns-00	20.059	36.0	34	True	2024-06-14 13:51:15
sns-11	16.77	46.5	45	True	2024-06-11 01:13:00
sns-03	28.504	48.6	20	True	2024-06-28 06:29:02
sns-02	27.85	30.4	56	True	2024-06-28 23:05:12
sns-11	22.861	40.3	59	True	2024-06-25 05:36:23
sns-06	16.703	71.7	51	True	2024-06-17 14:03:52
sns-05	18.987	87.9	73	True	2024-06-04 23:19:57
sns-01	17.926	67.9	75	True	2024-06-29 19:21:32
sns-07	22.352	74.4	36	True	2024-06-21 02:10:34
sns-07	17.577	50.5	83	True	2024-06-25 14:43:20
sns-11	23.229	65.1	24	False	2024-06-07 20:55:10
sns-08	29.901	59.6	84	True	2024-06-10 21:41:41
sns-03	21.968	65.9	15	True	2024-06-27 13:44:04
sns-08	20.469	34.2	74	True	2024-06-28 04:23:34
sns-02	26.988	64.1	65	True	2024-06-05 04:10:46
sns-07	22.226	48.6	19	True	2024-06-07 08:52:55
sns-04	11.556	63.0	19	True	2024-06-19 06:37:54
sns-06	18.733	89.8	78	True	2024-06-28 19:57:09
sns-04	20.622	64.6	9	True	2024-06-28 22:18:11
sns-02	21.493	48.1	37	True	2024-06-11 04:39:34
sns-11	23.374	39.3	24	True	2024-06-27 17:33:39
sns-01	25.984	35.3	4	True	2024-06-28 07:39:04
sns-05	21.244	40.8	78	True	2024-06-21 01:00:10
sns-09	19.896	82.0	65	True	2024-06-21 19:00:04
sns-04	18.696	74.2	53	True	2024-06-13 10:00:41
sns-00	19.706	84.1	16	True	2024-06-23 01:50:16
sns-05	20.001	80.7	84	True	2024-06-26 16:27:09
sns-02	22.038	59.2	18	True	2024-06-30 06:06:16
sns-11	24.89	51.2	15	True	2024-06-26 17:49:17
sns-06	18.066	63.4	82	True	2024-06-14 00:33:42
sns-09	17.447	76.2	82	True	2024-06-24 13:41:25
sns-02	21.945	39.2	20	True	2024-06-11 12:27:41
sns-10	23.449	55.3	62	True	2024-06-26 23:19:46
sns-11	17.772	89.2	57	True	2024-06-10 23:52:48
sns-06	22.72	75.8	23	True	2024-06-20 06:28:31
sns-07	20.616	45.1	25	True	2024-06-12 10:04:54
sns-07	25.251	62.1	37	True	2024-06-24 03:15:00
sns-03	19.273	41.2	68	True	2024-06-06 04:19:28
sns-06	21.444	77.1	66	True	2024-06-29 04:20:50
sns-08	22.431	61.8	91	True	2024-06-05 01:30:34
sns-04	24.1	75.6	65	True	2024-06-14 09:52:29
sns-09	18.436	45.2	22	False	2024-06-16 09:50:41
sns-09	20.29	41.5	75	True	2024-06-18 17:33:14
sns-05	20.861	79.8	100	True	2024-06-12 13:27:06
sns-10	23.504	37.0	54	True	2024-06-13 19:09:38
sns-08	24.512	62.2	31	True	2024-06-13 03:39:13
sns-06	21.078	33.7	65	True	2024-06-25 03:25:58
sns-10	19.664	40.7	79	True	2024-06-19 09:07:15
sns-07	26.15	40.5	70	True	2024-06-26 08:41:05
sns-09	22.923	80.0	25	True	2024-06-09 17:16:54
sns-01	28.622	31.0	7	True	2024-06-20 00:36:09
sns-11	19.517	53.9	22	True	2024-06-01 14:51:08
sns-01	16.049	78.7	6	True	2024-06-01 01:50:36
sns-07	15.343	61.5	18	True	2024-06-12 03:30:28
sns-11	13.534	58.7	86	True	2024-06-14 13:20:55
sns-10	15.961	81.9	12	True	2024-06-23 10:05:41
sns-04	23.256	83.1	54	True	2024-06-19 12:13:21
sns-09	17.92	44.8	16	True	2024-06-05 20:04:58
sns-10	20.611	50.3	33	True	2024-06-21 00:47:23
sns-03	34.02	32.0	80	False	2024-06-20 01:09:37
sns-03	20.527	64.7	22	True	2024-06-15 03:33:51
sns-05	22.219	53.0	28	True	2024-06-10 00:50:25
sns-09	24.435	43.3	46	True	2024-06-01 19:29:30
sns-11	20.147	88.3	36	True	2024-06-27 09:24:22
sns-09	22.161	64.8	4	True	2024-06-05 16:02:23
sns-11	23.468	51.1	29	True	2024-06-06 03:14:37
sns-11	17.739	32.7	52	True	2024-06-01 20:08:23
sns-03	26.095	74.4	4	True	2024-06-12 22:21:53
sns-08	22.422	72.9	55	True	2024-06-13 11:40:21
sns-03	18.59	89.7	88	True	2024-06-05 14:40:50
sns-08	28.353	67.6	49	True	2024-06-09 21:02:13
sns-08	16.801	63.6	84	True	2024-06-01 10:35:47
sns-10	25.477	47.5	52	True	2024-06-08 00:30:56
sns-06	22.197	44.4	95	True	2024-06-22 02:17:05
sns-02	25.728	49.5	36	False	2024-06-28 22:42:21
sns-02	15.441	64.3	91	True	2024-06-08 00:06:23
sns-06	16.549	88.2	29	True	2024-06-26 20:07:45
sns-07	24.47	84.0	20	True	2024-06-16 05:25:07
sns-05	15.167	37.2	71	True	2024-06-09 19:39:38
sns-06	14.292	39.0	15	True	2024-06-10 22:25:20
sns-04	20.578	31.8	72	False	2024-06-23 17:15:57
sns-00	22.844	87.9	52	True	2024-06-20 07:18:22
sns-02	21.952	85.7	50	True	2024-06-19 19:58:27
sns-07	14.33	50.3	70	True	2024-06-23 00:04:03
sns-03	21.247	65.8	1	True	2024-06-21 20:39:30
sns-00	17.238	72.5	100	True	2024-06-05 23:35:50
sns-00	14.469	38.7	99	True	2024-06-07 16:15:12
sns-11	20.347	89.1	15	True	2024-06-30 04:21:40
sns-05	25.552	56.0	70	True	2024-06-10 19:56:00
sns-11	15.101	57.6	22	True	2024-06-14 17:25:19
sns-08	22.878	81.8	26	True	2024-06-26 02:50:09
sns-09	21.336	43.7	100	True	2024-06-28 14:01:52
sns-01	21.302	89.0	21	True	2024-06-10 13:12:38
sns-05	21.775	59.9	66	True	2024-06-29 04:41:50
sns-06	19.201	56.2	3	True	2024-06-27 04:53:30
sns-08	28.062	75.7	88	False	2024-06-21 11:10:47
sns-06	25.493	41.7	11	False	2024-06-05 09:18:55
sns-05	30.371	65.9	73	True	2024-06-27 03:16:29
sns-02	15.808	38.2	59	False	2024-06-27 03:20:32
sns-03	17.117	52.5	63	True	2024-06-21 14:31:29
sns-08	20.028	89.3	48	True	2024-06-29 19:34:49
sns-01	18.748	79.6	23	True	2024-06-14 23:54:13
sns-04	23.15	77.4	88	True	2024-06-20 16:37:11
sns-00	20.963	57.1	93	True	2024-06-24 01:29:41
sns-11	17.976	61.2	84	True	2024-06-12 14:27:08
sns-03	25.572	49.1	7	True	2024-06-08 13:26:05
sns-09	25.755	41.9	60	True	2024-06-23 10:52:02
sns-02	17.882	47.8	84	False	2024-06-16 18:37:03
sns-08	18.279	37.4	97	True	2024-06-16 00:45:36
sns-11	12.534	47.5	66	True	2024-06-22 22:11:21
sns-08	27.262	85.1	12	True	2024-06-21 02:26:55
sns-04	21.95	66.9	5	True	2024-06-07 17:09:25
sns-04	26.445	72.0	100	True	2024-06-24 03:10:59
sns-05	26.96	75.9	5	True	2024-06-09 21:57:35
sns-03	22.555	31.2	66	False	2024-06-11 07:42:32
sns-01	23.007	67.3	98	True	2024-06-01 08:48:32
sns-00	24.484	84.0	52	True	2024-06-19 09:48:55
sns-09	14.349	61.6	46	True	2024-06-23 09:40:24
sns-00	26.881	43.5	71	True	2024-06-06 00:47:28
sns-02	19.776	78.8	49	True	2024-06-01 15:28:29
sns-05	19.44	37.9	46	True	2024-06-22 09:00:48
sns-07	20.07	80.8	66	True	2024-06-12 15:16:49
sns-04	20.415	53.5	66	True	2024-06-28 16:39:22
sns-06	22.335	87.3	65	True	2024-06-14 06:20:49
sns-02	18.739	69.1	7	True	2024-06-28 11:15:30
sns-04	19.551	69.7	54	True	2024-06-13 05:11:16
sns-11	20.491	67.6	91	True	2024-06-26 14:30:54
sns-08	31.999	40.8	74	True	2024-06-07 18:43:17
sns-04	21.321	57.4	49	True	2024-06-14 04:51:43
sns-01	15.406	44.9	36	True	2024-06-11 18:18:54
sns-01	17.602	38.2	17	True	2024-06-17 12:18:18
sns-03	16.075	30.1	47	True	2024-06-14 21:56:51
sns-02	22.14	70.3	28	True	2024-06-03 21:46:36
sns-02	33.626	31.3	58	True	2024-06-05 15:18:02
sns-02	22.62	37.2	5	True	2024-06-21 23:34:30
sns-05	22.057	81.1	49	True	2024-06-17 05:17:01
sns-11	16.145	73.0	48	True	2024-06-06 14:41:17
sns-08	26.345	39.4	71	True	2024-06-16 02:28:14
sns-00	21.079	85.6	78	True	2024-06-03 11:06:15
sns-03	10.662	42.8	84	True	2024-06-26 09:29:50
sns-06	24.08	61.7	45	True	2024-06-10 17:02:04
sns-05	22.702	54.9	34	True	2024-06-22 09:30:45
sns-05	23.181	51.5	21	True	2024-06-11 22:40:35
sns-10	18.634	48.5	68	True	2024-06-19 20:02:36
sns-06	16.182	41.9	95	True	2024-06-26 22:12:44
sns-10	22.476	70.5	23	True	2024-06-26 08:41:11
sns-04	14.804	71.7	51	True	2024-06-04 09:17:55
sns-04	17.607	37.2	34	True	2024-06-07 09:22:01
sns-00	18.596	44.5	51	False	2024-06-13 20:12:07
sns-08	12.346	44.4	1	True	2024-06-20 16:11:53
sns-06	24.907	79.8	27	True	2024-06-06 14:52:55
sns-07	12.096	71.7	25	True	2024-06-09 19:49:40
sns-09	31.689	89.2	71	True	2024-06-30 14:17:32
sns-10	20.193	87.9	26	True	2024-06-11 23:55:38
sns-11	21.948	59.5	91	True	2024-06-21 12:49:15
sns-11	16.999	42.0	77	True	2024-06-19 15:47:46
sns-11	21.278	86.0	28	True	2024-06-29 01:04:26
sns-03	20.715	63.9	37	True	2024-06-11 14:34:49
sns-05	25.156	37.6	78	True	2024-06-16 03:08:56
sns-03	30.689	32.2	60	True	2024-06-30 22:46:00
sns-11	16.224	64.4	45	True	2024-06-14 14:12:53
sns-05	21.951	83.0	99	True	2024-06-26 01:52:01
sns-05	20.7	40.3	10	True	2024-06-30 02:22:36
sns-03	24.871	87.9	52	True	2024-06-05 15:45:06
sns-04	20.797	86.7	70	True	2024-06-15 08:15:52
sns-10	17.918	30.1	90	True	2024-06-17 15:19:51
sns-11	18.714	63.7	65	True	2024-06-07 03:21:09
sns-09	20.003	68.1	20	False	2024-06-29 22:16:14
sns-05	16.947	46.2	88	True	2024-06-08 06:34:54
sns-07	11.712	32.3	53	True	2024-06-07 14:25:06
sns-06	22.374	51.2	92	True	2024-06-13 22:39:24
sns-10	26.168	71.1	58	True	2024-06-29 03:44:25
sns-09	25.521	80.1	35	True	2024-06-20 00:21:10
sns-02	19.1	32.2	90	True	2024-06-19 07:10:15
sns-03	29.252	49.0	46	True	2024-06-28 19:39:30
sns-05	21.031	66.6	91	True	2024-06-12 14:52:27
sns-09	10.945	50.9	36	True	2024-06-06 22:36:09
sns-02	23.507	47.1	91	True	2024-06-07 08:53:32
sns-07	24.738	66.6	22	True	2024-06-09 20:10:26
sns-06	20.172	83.7	90	False	2024-06-11 08:47:58
sns-05	23.106	87.9	76	True	2024-06-18 01:19:14
sns-08	15.927	34.1	39	True	2024-06-26 06:09:15
sns-08	19.806	61.4	44	True	2024-06-18 20:26:01
sns-04	19.534	83.4	58	True	2024-06-11 14:24:35
sns-00	24.231	79.1	25	True	2024-06-05 01:45:42
sns-08	19.736	71.7	53	True	2024-06-14 19:09:08
sns-06	25.072	83.7	89	True	2024-06-01 23:56:50
sns-04	17.532	76.2	1	True	2024-06-04 12:11:08
sns-07	23.069	53.0	63	True	2024-06-17 15:18:17
sns-11	21.937	42.1	35	True	2024-06-24 06:35:12
sns-03	21.095	51.8	46	True	2024-06-21 16:36:49
sns-08	23.606	74.2	97	True	2024-06-02 05:38:46
sns-03	20.389	89.0	23	True	2024-06-24 14:31:24
sns-05	25.749	51.9	55	True	2024-06-29 09:17:47
sns-10	22.144	58.4	70	True	2024-06-24 20:31:42
sns-01	26.792	63.6	20	False	2024-06-20 09:26:12
sns-06	16.33	42.0	72	True	2024-06-13 03:09:16
sns-09	20.508	89.7	17	True	2024-06-17 03:34:59
sns-02	23.151	82.4	75	True	2024-06-26 21:15:10
sns-08	21.761	62.8	92	True	2024-06-18 16:47:59
sns-00	22.202	57.5	8	True	2024-06-20 19:55:02
sns-07	26.861	32.8	71	True	2024-06-21 10:23:31
sns-07	19.813	73.8	32	False	2024-06-16 06:44:29
sns-06	29.499	74.6	61	True	2024-06-09 13:24:46
sns-04	20.202	46.0	58	True	2024-06-17 12:37:52
sns-04	24.229	84.7	56	True	2024-06-27 21:11:58
sns-09	16.664	33.4	87	True	2024-06-23 04:05:12
sns-04	16.969	33.7	99	True	2024-06-01 07:11:27
sns-00	19.54	39.3	65	False	2024-06-27 11:48:56
sns-11	32.323	71.1	68	True	2024-06-03 03:11:49
sns-05	24.887	48.9	49	True	2024-06-12 06:14:54
sns-08	27.617	62.4	15	True	2024-06-17 17:01:15
sns-05	26.149	53.0	19	True	2024-06-04 11:15:53
sns-04	27.001	68.7	82	True	2024-06-21 07:13:51
sns-09	28.774	76.0	24	True	2024-06-11 17:22:35
sns-10	17.286	79.4	82	True	2024-06-21 03:06:21
sns-10	17.049	64.3	70	True	2024-06-14 04:56:58
sns-07	23.162	73.1	82	True	2024-06-08 04:50:31
sns-03	13.797	65.0	43	True	2024-06-07 19:43:35
sns-02	23.162	74.3	19	True	2024-06-11 18:17:47
sns-02	17.151	64.1	45	True	2024-06-09 11:14:00
sns-07	24.587	42.8	79	True	2024-06-13 07:21:44
sns-07	19.085	40.6	45	True	2024-06-28 18:47:57
sns-01	23.081	83.9	42	True	2024-06-04 23:10:16
sns-01	21.488	35.6	85	True	2024-06-07 04:26:31
sns-02	19.66	35.7	11	True	2024-06-19 12:59:48
sns-04	28.311	74.0	91	True	2024-06-21 03:14:11
sns-04	22.688	67.6	70	True	2024-06-09 14:01:41
sns-08	19.965	89.7	79	True	2024-06-22 14:41:42
sns-11	30.4	39.7	35	True	2024-06-15 09:44:01
sns-03	17.399	79.8	95	False	2024-06-07 09:52:11
sns-10	23.681	56.8	49	True	2024-06-04 19:34:14
sns-09	24.457	45.1	18	True	2024-06-06 09:41:41
sns-06	23.848	37.3	66	True	2024-06-01 09:40:39
sns-03	25.271	74.4	31	True	2024-06-13 04:51:47
sns-00	24.469	73.6	74	True	2024-06-04 16:42:55
sns-11	17.006	40.9	64	True	2024-06-29 23:02:21
sns-04	18.573	67.3	76	False	2024-06-27 20:03:01
sns-02	14.436	57.0	40	True	2024-06-13 15:37:47
sns-01	21.604	67.9	95	True	2024-06-08 14:34:25
sns-00	26.264	67.9	78	True	2024-06-28 04:10:22
sns-05	14.836	75.6	50	True	2024-06-11 21:30:18
sns-07	23.984	67.0	25	True	2024-06-27 20:24:48
sns-06	19.346	59.0	85	True	2024-06-14 07:35:14
sns-02	21.364	41.2	34	True	2024-06-24 20:10:50
sns-00	26.751	50.3	93	False	2024-06-20 06:40:26
sns-04	22.725	86.3	49	True	2024-06-12 07:11:05
sns-11	16.57	64.6	13	True	2024-06-28 14:08:58
sns-06	22.571	83.1	17	True	2024-06-19 01:35:01
sns-11	24.448	53.6	19	True	2024-06-29 22:18:49
sns-10	23.215	41.5	0	True	2024-06-30 11:06:13
sns-10	14.88	58.6	53	True	2024-06-01 02:05:37
sns-01	21.527	69.7	94	True	2024-06-08 18:26:33
sns-04	25.174	75.9	18	True	2024-06-21 16:49:51
sns-00	18.9	72.9	91	False	2024-06-28 01:11:34
sns-09	20.577	75.7	53	True	2024-06-02 18:09:07
sns-09	31.593	51.8	21	True	2024-06-20 01:16:38
sns-02	23.359	81.6	45	True	2024-06-10 01:17:30
sns-11	17.666	54.2	62	False	2024-06-04 17:44:02
sns-10	18.181	82.2	13	True	2024-06-22 10:40:28
sns-00	18.995	50.2	3	True	2024-06-23 22:59:33
sns-05	24.867	48.2	63	True	2024-06-01 01:25:07
sns-05	24.731	84.5	15	True	2024-06-19 12:43:50
sns-03	22.995	76.5	84	True	2024-06-25 10:54:52
sns-07	19.787	62.7	25	True	2024-06-18 16:09:45
sns-07	25.473	50.1	85	True	2024-06-24 18:42:07
sns-04	15.892	83.0	90	True	2024-06-15 13:18:35
sns-02	20.154	49.7	94	True	2024-06-07 03:39:28
sns-07	22.109	37.9	73	False	2024-06-20 05:05:35
sns-02	16.506	35.8	0	True	2024-06-06 04:04:44
sns-08	19.663	40.8	91	True	2024-06-09 17:32:40
sns-00	24.122	60.2	45	True	2024-06-12 23:08:22
sns-01	29.494	85.1	44	True	2024-06-15 20:52:37
sns-09	30.478	36.7	12	True	2024-06-15 20:10:26
sns-00	21.136	66.3	9	True	2024-06-19 03:51:54
sns-01	20.192	41.8	11	True	2024-06-01 01:37:33
sns-05	21.872	31.6	88	True	2024-06-07 01:11:15
sns-02	21.894	53.3	80	True	2024-06-02 16:44:35
sns-08	16.816	69.7	98	True	2024-06-09 00:35:10
sns-08	25.208	68.7	83	True	2024-06-20 01:08:48
sns-11	20.394	70.2	81	True	2024-06-09 08:14:41
sns-04	17.14	66.8	78	True	2024-06-24 08:10:51
sns-08	18.495	53.5	67	True	2024-06-27 06:14:44
sns-00	14.591	36.3	22	True	2024-06-25 05:32:27
sns-00	21.613	70.9	91	True	2024-06-17 04:54:04
sns-05	20.052	80.8	9	True	2024-06-07 21:57:44
sns-01	25.294	49.2	94	True	2024-06-29 15:38:15
sns-09	26.268	38.9	33	True	2024-06-09 06:27:37
sns-11	18.724	37.1	0	True	2024-06-19 21:16:29
sns-11	26.218	75.9	4	True	2024-06-07 22:59:44
sns-00	17.122	66.8	93	True	2024-06-02 20:22:43
sns-05	21.521	74.8	66	False	2024-06-17 21:51:11
sns-05	22.353	32.0	48	True	2024-06-08 16:27:58
sns-01	22.784	41.4	14	True	2024-06-19 21:07:32
sns-11	28.042	40.9	39	True	2024-06-23 02:16:53
sns-02	22.826	38.7	73	False	2024-06-20 15:30:22
sns-00	23.2	69.8	87	True	2024-06-27 19:12:44
sns-10	16.624	70.5	46	True	2024-06-12 23:10:19
